given,family,country
Xinfang,Fang,china
Xu,Wang,china
Zhaoying,Meng,china
Xingdan,Chen,china
Chunan,Cao,china
Qiang,Li,china
Hongyuan,Yang,china
Zhaozhi,Guan,china
Deren,Yang,china
Xiyuan,Zhou,china
Jici,Yan,china
Xi,Xu,china
Shigang,Chen,china
Yuanchun,Shi,china
Guoqiang,Lin,china
Dazhong,Sun,china
Zengyuan,Guo,china
Zuoxin,Zheng,china
Xiaoxin,Zhou,china
Zhiqin,Xu,china
Degan,Shu,china
Liming,Shi,china
Ziliang,Wu,china
Xuejin,Xie,china
Minlon,Huang,china
Changchun,Ge,china
Xuesi,Chen,china
Jisheng,Li,china
Daqiao,Meng,china
Hengxian,Tao,china
Weiyuan,Huang,china
Hongyuan,Chen,china
Jun,Shi,china
Guozhi,Zhou,china
Chunyu,Li,china
Yuanxi,Yang,china
Nanxian,Chen,china
Changyu,Shen,china
Changxuan,Yu,china
Song,Jiang,china
Ying,Ding,china
Jianbin,Luo,china
Jing,Zhang,china
Weihua,Wu,china
Jun,Gao,china
Yu,Ouyang,china
Hongfu,Yin,china
Jianping,Wu,china
Yufeng,Ji,china
Yitai,Qian,china
Qun,Lin,china
Jingsui,Yang,china
Liwu,Lin,china
Jia,Fan,china
Shuzhong,Shen,china
Youshang,Zhang,china
Wencai,Wang,china
Minde,Cheng,china
Rong,Lin,china
Dezhao,Wang,china
Daining,Fang,china
Min,Lü,china
Tianshou,Zhao,china
Zhaobing,Su,china
Zhengtang,Guo,china
Peijian,Ye,china
Jialin,Xie,china
Wencai,Yang,china
Yongfeng,Shang,china
Yutai,Rao,china
Zhenqi,Song,china
Huijun,Wang,china
Zhanpeng,Jin,china
Yongfei,Zheng,china
Min,Yu,china
Xianmo,Zhu,china
Lun,Xiao,china
Yusheng,Zhai,china
Xiexian,Guo,china
Tibei,Li,china
Guangyu,Shi,china
Deping,Li,china
Zhonghe,Zhou,china
Liang,Huang,china
Shouzhuo,Yao,china
Xiaqi,Ding,china
Xiaojiang,Hao,china
Fangyun,Chen,china
Yunmei,Dong,china
Guangzhi,Tu,china
Xinde,Feng,china
Zhengmin,Wang,china
Yinyuan,Li,china
Wenrui,Hu,china
Qixiang,Tan,china
Jiaqi,Liu,china
Che,Chi-Ming,china
Zhonghe,Zhai,china
Hongzhong,Li,china
Lei,Jiang,china
Tieniu,Tan,china
Kunren,Wang,china
Baixin,Liu,china
Weiqiu,Zhu,china
Debang,Hou,china
Liejin,Guo,china
Renyuan,Qian,china
Qiguo,Zhao,china
Xiaojun,Peng,china
Jiuzhang,Zhao,china
Yuanben,Dai,china
Weibo,Song,china
Jiuhua,Tang,china
Qisun,Ye,china
Aike,Guo,china
Bingnan,Lin,china
Tongsheng,Sheng,china
Manji,Sun,china
Ping,Zheng,china
Guoxiong,Wu,china
Yimin,Xuan,china
Shuxian,Tang,china
Lixin,Dai,china
Lianjie,Li,china
Peng,Li,china
Xiaofeng,Cao,china
Xingjian,Si,china
Keqin,Xu,china
Huijiu,Zhou,china
Hualiang,Jiang,china
Caidong,Xu,china
Yidong,Gu,china
Chenglu,Zou,china
Xu,Zhang,china
Lan,Ma,china
Wanjun,Zheng,china
Ming,Jiang,china
Suojiang,Zhang,china
Dingsheng,Wang,china
Xiangdong,Ye,china
Aoqing,Tang,china
Shuzheng,Zhang,china
Chuanzeng,Dai,china
Minhua,Li,china
Youxi,Gao,china
Tianren,Yu,china
Dingchang,Chen,china
Weiyi,Yang,china
Jiacong,Shen,china
Zhongci,Shi,china
Zhaowu,Tian,china
Guirui,Yu,china
Guozhen,Yang,china
Kaitai,Yao,china
Zihe,Rao,china
Houze,Xu,china
Siguang,Li,china
Dupu,Xue,china
Yongtan,Liu,china
Fangyin,Cai,china
Chenghu,Zhou,china
Weizhi,Ji,china
Xurong,Xu,china
Jing,Zhu,china
Peiheng,Wu,china
Jinghong,Li,china
Sishen,Xie,china
Zhaohui,Wu,china
Jianya,Gong,china
Guozhong,He,china
Hongzhang,Yin,china
Dong,Chang,china
Jianqi,Yuan,china
Weiyan,Zhang,china
Jun,Luo,china
Tongji,Lin,china
Xiaohong,Guan,china
Bo,Zhang,china
Xuejun,Zhu,china
Jingyi,Niu,china
Dafu,Yu,china
Xuefu,Duan,china
Xiongfei,Pang,china
Yongxiang,Lu,china
Buxuan,Wang,china
Dongfeng,Gu,china
Mingjie,Zhang,china
You,Wang,china
Yanxin,Wang,china
Yunyi,Liu,china
Shixin,Lu,china
Yongqiang,Tu,china
Zuoyan,Zhu,china
Henian,Mao,china
Benlian,Zhou,china
Heping,Sun,china
Chengzao,Jia,china
Jiazheng,Pan,china
Shiyan,Tao,china
Ruibao,Tao,china
Li,Jin,china
Lijia,An,china
Zuxiang,Zhu,china
Guangzhao,Zhou,china
Xuanxue,Mo,china
Yuliang,Li,china
Manchao,He,china
Jiangfeng,Du,china
Wei,Huang,china
Dianlin,Zhang,china
Shuhong,Yu,china
Huiming,Cheng,china
Zhiren,Liang,china
Zengqian,Hou,china
Guoliang,Chen,china
Yingchang,Yang,china
Yin,Wang,china
Ruxin,Li,china
Yican,Wu,china
Xiaogang,Cheng,china
Runqian,Huang,china
Zhaolun,Zeng,china
Guoliang,Xu,china
Zhaohui,Ye,china
Yisheng,Gao,china
Weiyue,Ding,china
Enduo,Wang,china
Shicheng,Wang,china
Lijun,Wang,china
Peida,Ye,china
Xiaohui,Zhuang,china
Shui,Hao,china
Guangcan,Guo,china
Haiqing,Lin,china
Chenghao,Wang,china
Qi,Yang,china
Hongxuan,Lin,china
Xi,Zhu,china
Buxing,Han,china
Tingdong,Li,china
Zezong,Xi,china
Juqian,Wang,china
Hong,Shen,china
Dongyuan,Zhao,china
Bo,Tian,china
Xiaoqian,Zhang,china
Ermi,Zhao,china
Jifan,Chou,china
Congbin,Fu,china
Hong,Mei,china
Yilong,Bai,china
Guohe,Sha,china
Jinghai,Li,china
Yaohe,Zhou,china
Chunshu,Cheng,china
Jianhua,Lu,china
Biao,Chen,china
Geng,Wang,china
Lu,Yu,china
Kang,Feng,china
Rukang,Wu,china
Guangxuan,Li,china
Zhiwen,Yin,china
Guoyu,Ding,china
Zong'ao,Zhao,china
Zhiyan,Zhou,china
Xiaoping,Chen,china
Mu,Mu,china
Jingyun,Fang,china
Weinan,E,china
Shaoxi,Shi,china
Lingzhi,Guo,china
Daxiang,Song,china
Qi,Zhou,china
Yonggen,Lu,china
Xun,Wang,china
Zhenxing,Liu,china
Rieguan,Wang,china
Shizuo,Feng,china
Zhaoliang,Zhu,china
Shiling,Zheng,china
Boqiang,Liang,china
Nianci,Dai,china
Zhaolun,Fang,china
Yunshan,Qin,china
Weijian,Zhou,china
Jianfang,Gui,china
Mengchao,Wu,china
Jiaonai,Shi,china
Changpu,Sun,china
Shishu,Wu,china
Rongshi,Cheng,china
Zhijiang,Wang,china
Naiyan,Wang,china
Yangyuan,Wang,china
Weigan,Lin,china
Gang,Pei,china
Tandong,Yao,china
Ye,Tu,china
Yidong,Gu,china
Hanqing,Yuan,china
Zizhao,Gan,china
Cunhao,Zhang,china
Chongwen,Yu,china
Jiachun,Li,china
Yangsheng,Zhao,china
Xiaotian,Liang,china
Jiyang,Wang,china
Du,Zheng,china
Zijian,Guo,china
Chengji,Guo,china
Anming,Meng,china
Fahu,Chen,china
Dingqiang,Su,china
Yunfen,Shen,china
Mengfei,Yang,china
Boqin,Qiang,china
Qing,Chang,china
Guoqiang,Chen,china
Enzhi,Mu,china
Yong,Qiu,china
Fu,Gao,china
Peisu,Xia,china
Xiurong,Yang,china
Yuanjiu,Lu,china
Hangsheng,Wu,china
Shige,Peng,china
Chaosheng,Hong,china
Tianjue,Lei,china
Wenying,Yin,china
Chaohuan,Hou,china
Xingxue,Li,china
Fengchen,Zhuang,china
Rongxiang,Fang,china
Fenggan,Zhuang,china
Minxing,Luo,china
Tingsui,Ge,china
Chongyu,Wang,china
Chunxiao,Cao,china
Tian,Li,china
Shangping,Guo,china
Wenhui,Duan,china
Hualan,Chen,china
Yue,Zhang,china
Xixin,Yue,china
Ruiyu,Liu,china
Handong,Sun,china
Guanhua,Xu,china
Huanyong,Chen,china
Xin,Sun,china
Junwu,Chen,china
Dingyuan,Tang,china
Junde,Qin,china
Deli,Gao,china
Yao,Andrew,china
Yuzhe,Zhang,china
Guanren,Xu,china
Pengda,Zhao,china
Peisong,Tang,china
Qingcun,Zeng,china
Peilin,Luo,china
Tao,Xu,china
Fuqing,Yang,china
Zhidao,Qian,china
Banghua,Cai,china
Wei,Yang,china
Minhan,Dai,china
Jiming,Zhu,china
Yinghong,Li,china
Qirui,Cai,china
Longyou,Xiao,china
Dizhou,Tong,china
Bingbo,Wei,china
Xingqian,Zhang,china
Yupei,Zhao,china
Yueliang,Wu,china
Xikui,Jiang,china
Keming,Wang,china
Minqiang,Huang,china
Jiping,Chao,china
Yungui,Ci,china
Shangan,Lin,china
Shiji,Wang,china
Qingxi,Tong,china
Shanyuan,Wang,china
Shengnian,Huang,china
Jishang,Chi,china
Youqi,Zhang,china
Zhengwu,Qi,china
Bo,Li,china
Dezhen,Gu,china
Zuolin,He,china
Jishun,Ren,china
Shouhua,Feng,china
Binyong,Sun,china
Wenshao,Wang,china
Guangya,Zhu,china
Dehe,Sun,china
Wanming,Zhai,china
Guoxiang,Ai,china
Huilan,Zhong,china
Zutong,Gong,china
Xingao,Gong,china
Jinlong,Wang,china
Shuqun,Deng,china
Gong,Ju,china
Shuguang,Li,china
Zhongheng,Guo,china
Shizhu,Wen,china
Hongwei,Zhao,china
Shiyao,Zhu,china
Shu,Pan,china
Mingyuan,He,china
Qingguo,Cheng,china
Shufeng,Yang,china
Yajie,Zhu,china
Mingguo,Zhai,china
Ren,Zhou,china
Jia'an,Yan,china
Shiyi,Chen,china
Shixian,Yang,china
Xiaowei,Tang,china
Shicong,Guan,china
Zhensheng,Li,china
Shizhang,Bei,china
Tuomas,Huumo,finland
Yrjö,Valkonen,finland
Samuel,Kaski,finland
Markus,Linder,finland
Pekka,Tukia,finland
Matti,Haltia,finland
Tauno,Turunen,finland
Sven-Erik,Hjelt,finland
Jaakko,Tuomilehto,finland
Teuvo,Ahti,finland
Simo,Heininen,finland
Maija,Julkunen-Tiitto,finland
Ahti,Salo,finland
Aapo,Hyvärinen,finland
Tero,Heikkilä,finland
Veli,Pyykkö,finland
Matti,Leikola,finland
Katri,Huitu,finland
Kimmo,Rentola,finland
Ari,Laaksonen,finland
Pertti,Pyörälä,finland
Marja,Vauras,finland
Juuso,Välimäki,finland
Leeni,Waenerberg,finland
Timo,Koponen,finland
Pekka,Koskela,finland
Heikki,Henttonen,finland
Pekka,Korhonen,finland
Jaakko,Kangasjärvi,finland
Jukka,Korpela,finland
Esa,Itkonen,finland
Kaius,Tuori,finland
Jorma,Sipilä,finland
Janne,Backman,finland
Ilya,Usoskin,finland
Markku,Räsänen,finland
Markku,Peltonen,finland
Yrjö,Neuvo,finland
Heli,Peltola,finland
Jouni,Suhonen,finland
Eero,Paavilainen,finland
Esko,Poutiainen,finland
Jorma,Kangas,finland
Helena,Aksela,finland
Mikko,Salo,finland
Ari,Sihvola,finland
Irma,Hyvärinen,finland
Eero,Byckling,finland
Dmitry,Murzin,finland
Petri,Pellikka,finland
Simo,Knuuttila,finland
Helge,Lemmetyinen,finland
Jarmo,Tuomisto,finland
Pekka,Männistö,finland
Hannu,Soikkanen,finland
Jouko,Korppi-Tommola,finland
Kari,Cantell,finland
Eija,Ventola,finland
Aarre,Kangas,finland
Kimmo,Kaski,finland
Reijo,Vihko,finland
Lotte,Tarkka,finland
Pertti,Panula,finland
Craig,Primmer,finland
Martti,Koskenniemi,finland
Erkki,Thuneberg,finland
Martti,Luukkanen,finland
Jarkko,Hautamäki,finland
Isto,Ruoppila,finland
Eero,Vuorio,finland
Aino,Järvenpää,finland
Jukka,Seppälä,finland
Marikki,Laiho,finland
Pirkko-Liisa,Haarmann,finland
Jussi,Niemi,finland
Jorma,Viikari,finland
Olli,Koistinen,finland
Riitta,Mappes,finland
Kari,Alitalo,finland
Pauli,Kettunen,finland
Matti,Jutila,finland
Jouko,Mickelsson,finland
Lena,Sisula-Tulokas,finland
Olli-Pekka,Vehviläinen,finland
Heikki,Rauvala,finland
Jaakko,Hämeen-Anttila,finland
Reijo,Tilvis,finland
Erkki,Oja,finland
Briitta,Koskiaho-Cronström,finland
Markus,Jäntti,finland
Lauri,Halonen,finland
Laura,Stark,finland
Taina,Pihlajaniemi,finland
Veli-Pekka,Salonen,finland
Eero,Castrén,finland
Olli,Ikkala,finland
Outi,Vaarala,finland
Jarkko,Kari,finland
Matti,Keltikangas,finland
Heikki,Mannila,finland
Jukka,Westermarck,finland
Ilmo,Kukkonen,finland
Mikko,Puhakka,finland
Ilkka,Pyysiäinen,finland
Erkki,Annila,finland
Peter,Lund,finland
Pirjo,Peltonen-Sainio,finland
Teuvo,Maalampi,finland
Erkki,Tomppo,finland
Ilpo,Laine,finland
Lauri,Harvilahti,finland
Erno,Lehtinen,finland
Taimi,Nevalainen,finland
Moncef,Gabbouj,finland
Kari,Keinästö,finland
Risto,Alapuro,finland
Kaarlo,Tuori,finland
Petri,Pihko,finland
Niilo,Kauppi,finland
Marjaana,Niemi,finland
Sirpa,Leppänen,finland
Atte,Moilanen,finland
Klaus,Helkama,finland
Viljo,Rasila,finland
Johan,Lilius,finland
Seppo,Zetterberg,finland
Pertti,Haapala,finland
Tuula,Salo,finland
Carl,Gahmberg,finland
Jaakko,Pehkonen,finland
Helena,Rasku-Puttonen,finland
Asla,Pitkänen,finland
Anna,Krause,finland
Ville,Lukkarinen,finland
Elina,Ikonen,finland
Markku,Löytönen,finland
Peter,Liljeroth,finland
Päivi,Peltomäki,finland
Erkki,Riihinen,finland
Janne,Kotiaho,finland
Jussi,Väisälä,finland
Tapio,Hämynen,finland
Johanna,Ruusuvuori,finland
Petri,Auvinen,finland
Seppo,Salminen,finland
Pekka,Pamilo,finland
Erkki,Somersalo,finland
Pekka,Hautojärvi,finland
Ilkka,Julkunen,finland
Juri,Poutanen,finland
Jukka,Corander,finland
Eva,Steinby,finland
Matti,Peltonen,finland
Olli,Tahvonen,finland
Vesa,Mönkkönen,finland
Markku,Ollikainen,finland
Lauri,Pesonen,finland
Risto,Korhonen,finland
Hannu,Nurmi,finland
Pertti,Kansanen,finland
Sanna-Kaisa,Tanskanen,finland
Martin,Scheinin,finland
Jussi,Kukkonen,finland
Mikko,Paalanen,finland
Kimmo,Katajala,finland
Timo,Vihavainen,finland
Erkki,Kemppainen,finland
Lauri,Aaltonen,finland
Jarkko,Saarinen,finland
Pentti,Haddington,finland
Jorma,Ahvenainen,finland
Reino,Pelkonen,finland
Kirsi-Maaria,Vainio-Korhonen,finland
Antti,Jaakkola,finland
Aleksi,Vuorinen,finland
Arto,Haapala,finland
Anne,Toppinen,finland
Timo,Siponen,finland
Raija,Bartens,finland
Matti,Tuomala,finland
Olli-Pekka,Kallioniemi,finland
Hilkka,Soininen,finland
Juha,Harviainen,finland
Heikki,Peltola,finland
Markku,Kulmala,finland
Alho,Alhoniemi,finland
Jukka,Pekola,finland
Tapio,Visakorpi,finland
Mikko,Nikinmaa,finland
Arto,Urtti,finland
Kai,Hakkarainen,finland
Riitta,Hari,finland
Anna,Sivonen,finland
Amos,Pasternack,finland
Otso,Ovaskainen,finland
Mika,Hemmo,finland
Risto,Ilmoniemi,finland
Jyrki,Heino,finland
Veikko,Husa,finland
Kari,Raivio,finland
Olli,Raitakari,finland
Kai,Krötzl,finland
Urpo,Kangas,finland
Hannu,Häkkinen,finland
Heikki,Ruskoaho,finland
Heikki,Halila,finland
Antti,Arjava,finland
Jukka,Pirttilä,finland
Risto,Pellinen,finland
Keijo,Kajantie,finland
Ari,Ivaska,finland
Kristiina,Kruus,finland
Mari,Vaattovaara,finland
Tuomo,Pekkanen,finland
Mika,Kivimäki,finland
Seppo,Meri,finland
Erkki,Kouri,finland
Heikki,Papunen,finland
Auli-Mari,Toom,finland
Petri,Kuoppamäki,finland
Elina,Vuola,finland
Tuija,Pulkkinen,finland
Mervi,Helkkula,finland
Sirkka,Saarinen,finland
Ilpo,Huhtaniemi,finland
Hanna,Snellman,finland
Tauno,Metsänkylä,finland
Pentti,Mälkki,finland
Erkki,Palva,finland
Olli,Saastamoinen,finland
Kauko,Kaste,finland
Auli,Hakulinen,finland
Aarne,Kurppa,finland
Jukka,Mähönen,finland
Jouni,Häkli,finland
Hannele,Yki-Järvinen,finland
George,Bacon,finland
Lea,Laitinen,finland
Niilo,Hallman,finland
Seppo,Siirilä,finland
Olavi,Fält,finland
Matti,Hämäläinen,finland
Pertti,Alasuutari,finland
Riho,Grünthal,finland
Aimo,Hakanen,finland
Markku,Pitkäranta,finland
Anna,Haavio-Mannila,finland
Jouko,Vahtola,finland
Helka,Hartikainen,finland
Kai,Kaila,finland
Hannu,Koskinen,finland
Eero,Kuisma,finland
Kari,Laasonen,finland
Veli-Pekka,Lehtola,finland
Reino,Ylikorkala,finland
Eeva,Varantola,finland
Pentti,Lempiäinen,finland
Yrjö,Kesäniemi,finland
Markku,Lanne,finland
Jussi,Nuorteva,finland
Virpi,Lummaa,finland
Ari,Jokinen,finland
Marja,Makarow,finland
Heikki,Huikuri,finland
Sören,Illman,finland
Matti,Tikkanen,finland
Juha,Siltala,finland
Kimmo,Kahma,finland
Kaisa,Nyberg,finland
Veikko,Sorsa,finland
Lauri,Niinistö,finland
Marjo,Yliperttula,finland
Hanna,Kokko,finland
Eero,Saksela,finland
Ismo,Dunderberg,finland
Hannu,Oja,finland
Jorma,Palvimo,finland
Matti,Punkkinen,finland
Raimo,Raunio,finland
Pertti,Haaparanta,finland
Marja-Leena,Sorjonen,finland
Marja-Riitta,Taskinen,finland
Mika,Scheinin,finland
Jouko,Kankare,finland
Riitta,Korpela,finland
Kai,Krohn,finland
Matti,Manninen,finland
Seppo,Knuuttila,finland
Ilkka,Kilpeläinen,finland
Jorma,Toppari,finland
Juha,Äystö,finland
Pertti,Hakonen,finland
Osmo,Rämö,finland
Tiina,Kinnunen,finland
Lauri,Hautamäki,finland
Heikki,Patomäki,finland
Eero,Holopainen,finland
Pekka,Hallberg,finland
Aulis,Aarnio,finland
Yrjö,Viisanen,finland
Matti,Leino,finland
Jaana,Salmela-Aro,finland
Pauli,Saukkonen,finland
Matti,Ojala,finland
Visa,Immonen,finland
Heikki,Juslin,finland
Vesa,Mattila,finland
Mika,Pettersson,finland
Tuija,Laine,finland
Pekka,Sulkunen,finland
Jeja,Roos,finland
Riitta,Salmelin,finland
Veikko,Anttonen,finland
Niculae-Gabriel,Sandu,finland
Tapio,Salmi,finland
Lassi,Päivärinta,finland
Jyrki,Kauppinen,finland
Erkki,Korpimäki,finland
Markku,Poutanen,finland
Eva-Mari,Aro,finland
Juha,Kinnunen,finland
Jarmo,Korhonen,finland
Tuija,Pulkkinen,finland
Toivo,Katila,finland
Olli,Vapalahti,finland
Heikki,Väänänen,finland
Risto,Saarinen,finland
Petri,Karonen,finland
Annele,Hatakka,finland
Hannu,Salmi,finland
Hannu,Sariola,finland
Vesa,Kanniainen,finland
Tiina,Tenkanen,finland
Esko,Ukkonen,finland
Lauri,Lindgren,finland
Kari,Palonen,finland
Ralf,Salomaa,finland
Jan,Knip,finland
Pentti,Virrankoski,finland
Pentti,Leino,finland
Kaarlo,Klemola,finland
Anu,Wartiovaara,finland
Markku,Yli-Halla,finland
Sirpa,Jalkanen,finland
Ulla-Maija,Forsberg,finland
Heta,Pyrhönen,finland
Irma,Sulkunen,finland
Kimmo,Nuotio,finland
Heikki,Hämäläinen,finland
Johan,Wrede,finland
Jari,Yli-Kauhaluoma,finland
Harri,Andersson,finland
Hanna,Lehti-Eklund,finland
Leena,Syrjälä,finland
Tero,Kilpeläinen,finland
Kari,Majamaa,finland
Toivo,Viljamaa,finland
Petri,Myllymäki,finland
Pentti,Hakkila,finland
Päivi,Pahta,finland
Eila,Helander,finland
Leevi,Kääriäinen,finland
Markku,Heikkilä,finland
Risto,Hiltunen,finland
Kalevi,Rikkinen,finland
Kai,Kaarniranta,finland
Jukka,Nevakivi,finland
Mari,Ivaska,finland
Timo,Kairesalo,finland
Olli,Jänne,finland
Aimo,Vihervuori,finland
Risto,Heiskala,finland
Heikki,Palva,finland
Jaakko,Nousiainen,finland
Kati,Tervo-Niemelä,finland
Olli,Simell,finland
Harri,Vasander,finland
Juha,Tuomi,finland
Leena,Kolehmainen,finland
Ilkka,Niiniluoto,finland
Enrico,Garavelli,finland
Kari-Jouko,Räihä,finland
Lea,Pulkkinen,finland
Juhani,Lehtonen,finland
Risto,Sänkiaho,finland
Marja-Leena,Piitulainen,finland
Johanna,Honkala,finland
Timo,Repo,finland
Esko,Kauppinen,finland
Toive,Aartolahti,finland
Antti,Kupiainen,finland
Eero,Nevanlinna,finland
Riitta,Hjerppe,finland
Carita,Kvarnström,finland
Vieno,Piironen,finland
Eero,Ylätalo,finland
Pertti,Uotila,finland
Erkki,Olkinuora,finland
Markku,Seppälä,finland
Kimmo,Kontula,finland
Jukka,Sihvonen,finland
Jaana,Bäck,finland
Marja,Myllyharju,finland
Markku,Mäki,finland
Heikki,Joensuu,finland
Marja-Kristiina,Lerkkanen,finland
Lauri,Eskola,finland
Jarkko,Koskinen,finland
Pirjo,Nuutila,finland
Pasi,Puttonen,finland
Jukka,Jernvall,finland
Raimo,Lahti,finland
Eero,Päivänen,finland
Jarmo,Visakorpi,finland
Yrjö,Haila,finland
Toivo,Pihlaja,finland
Kimmo,Alho,finland
Pekka,Neittaanmäki,finland
Jukka,Mönkkönen,finland
Juha,Karhu,finland
Jukka,Gronow,finland
Heikki,Paloheimo,finland
Erkki,Haukioja,finland
Tuula,Linna,finland
Helmi,Järviluoma-Mäkelä,finland
Heisuke,Hironaka,france
Johann,Pfaff,france
Jürgen,Moser,france
Jean-Paul,Thiery,france
Antoine-Jean,Chaillou,france
Nikolay,Semyonov,france
Pierre,Tiollais,france
Philibert,Chabert,france
John,Pond,france
Jean,Leray,france
Bernard,Bessy,france
Charles,Geer,france
Heinrich,Olbers,france
Philippe,Pinel,france
Paul,Lecomte,france
Louis,Breteuil,france
Antoine,Jussieu,france
Henri,Becquerel,france
Pierre,Magnol,france
François,Beudant,france
Denis,Dodart,france
Richard,Karp,france
Francis,Crick,france
Jacob,Bernoulli,france
Édouard,Verneuil,france
Michael,Waterman,france
François,Rosily-Mesros,france
Jean-Baptiste,Beaumont,france
Marie,Savigny,france
Jean,Oudemans,france
Daniel,Bovet,france
Jean-Claude,Weill,france
Sam,Edwards,france
Thomas,Lecuit,france
Claude,Burdin,france
Yves,Quéré,france
Jean,d'Halloy,france
André,Lallemand,france
Alexis,Bertins,france
Jean-Pierre,Changeux,france
Jacques,Labillardière,france
Jérôme,Lalande,france
Jean-Baptiste,Bornet,france
Erich,Spitz,france
Camille,Arambourg,france
André,Maréchal,france
Pierre,Deslongchamps,france
André,Lwoff,france
Patrick,Flandrin,france
Jean-Pierre,Sauvage,france
Jean-Marie,Tarascon,france
Jules,Gosselet,france
Gaston,Ramon,france
Antoine,Parent,france
Thierry,Aubin,france
Louis,Gouy,france
Michael,Herman,france
Jean-Henri,Humbert,france
Joseph-Louis,Lagrange,france
Joseph-Bernard,Chabert-Cogolin,france
Henri,Sénarmont,france
Georges,Pelletier,france
Pierre,Jacquinot,france
David,Donoho,france
Max,Delbrück,france
Pierre,Robiquet,france
Michel,Duflo,france
Evry,Schatzman,france
Albin,Roussin,france
Pierre-Gilles,Gennes,france
François,Huber,france
Camille,Louvois,france
Henri,Lôme,france
Jean-Charles,Borda,france
Pierre,Dehérain,france
Marcel-Paul,Schützenberger,france
Pierre,Joliot,france
Michel,Jouvet,france
Georges,Urbain,france
Jean,Terrasson,france
Claude,Debru,france
Manne,Siegbahn,france
Jean,Audouin,france
Guillaume,Dubois,france
David,Ruelle,france
Paul,Villard,france
Johann,Wurzelbauer,france
Jacopo,Belgrado,france
Louis,Carbonnières,france
Yves,Jeannin,france
Eugène,Rouché,france
Gilbert,Ballet,france
Ernst,Knobil,france
Maurice,Goldman,france
Philippe,Taquet,france
Jean-Claude,Pecker,france
Jean-Paul,Laumond,france
Michel,Fardeau,france
Jacques,Bresse,france
Almroth,Wright,france
Pedro,Pissis,france
Julien,Costantin,france
Augustin-Jean,Fresnel,france
Antoine,François,france
Louis,Broglie,france
Gérard,Berry,france
Bernard,Picinbono,france
Stephen,Hales,france
Auguste,Rateau,france
Anselme,Payen,france
Jean,Petit,france
Henri,Rochefort,france
Émile,Blanchard,france
Robert,Robinson,france
Urbain,Verrier,france
Simon,Donaldson,france
John,Goodenough,france
Jean-Frédéric,Phélypeaux,france
Satoshi,Ōmura,france
Jean-Baptiste-Michel,Bucquet,france
Michel,Pouchard,france
Friedrich,Bessel,france
Marc,Yor,france
Alfred,Jost,france
Achille,Delesse,france
Piotr,Słonimski,france
Jacques-Arsène,d'Arsonval,france
François,Jacob,france
James,Hall,france
Bernard,Bélidor,france
Jean-François,Gall,france
Jacques,d'Allonville,france
Augustin,Candolle,france
Marie,Andoyer,france
Aymar,Pluvinel,france
Jean,Picard,france
Brebis,Bleaney,france
Jean-Baptiste,Colbert,france
Otto,Müller,france
Guillaume,Amontons,france
Victor-Marie,d'Estrées,france
Maurice,Hamy,france
Louis,Freycinet,france
Étienne,Bézout,france
René,Leriche,france
Paul,Schützenberger,france
Daniel-Charles,Trudaine,france
Charles,Bouchard,france
José-Alain,Sahel,france
Louis,Gassicourt,france
Charles,Laveran,france
Stanislas,Dehaene,france
Eugenius,Warming,france
Ferdinand,Cohn,france
André-Louis,Danjon,france
Miroslav,Radman,france
Claude-Louis,Navier,france
Luigi,Cavalli-Sforza,france
Emmanuel,Martonne,france
Charles-Victor,Mauguin,france
Gabriele,Veneziano,france
Gustave,Choquet,france
Albin,Haller,france
Françoise,Combes,france
Paul-André,Meyer,france
Henri,Pitot,france
Yves,Agid,france
Cédric,Villani,france
Ernest,Mouchez,france
Odilon,Lannelongue,france
James,Douglas,france
Antoine,d'Abbadie,france
Jean-Baptiste,d'Auteroche,france
François,Grand'Eury,france
Philippe,Kourilsky,france
Jules,Drach,france
Jules,Debray,france
Antoine,Danchin,france
Philippe,Ascher,france
Henri,Cartan,france
Charles,Friedel,france
Jacob,Palis,france
Adolphe,Carnot,france
Joseph,Douvillé,france
François,Roulin,france
Marc,Tiffeneau,france
Eugène,Bouvier,france
Marquis,Condorcet,france
Louis,Thénard,france
Eustachio,Manfredi,france
Armand,Borel,france
Gilles,Pisier,france
Augustin-Louis,Cauchy,france
Pierre,Benveniste,france
Pierre,Potier,france
François-Joseph,Hunauld,france
Jean-Baptiste,Biot,france
Roland,Glowinski,france
Auguste,Michel-Lévy,france
Gustaf,Retzius,france
Jean-Michel,Savéant,france
Ilan,Marek,france
Henry,Bessemer,france
Jean-Victor,Poncelet,france
Georges,Cuvier,france
Martin,Gibbs,france
Charles,Fehrenbach,france
Pedro,Maldonado,france
Jean-Michel,Bony,france
Walter,Gehring,france
Uriel,Frisch,france
Jacques,Cassini,france
Henri,Dutrochet,france
Niels,Jerne,france
Geneviève,Almouzni,france
Didier,Roux,france
William,Vainchenker,france
Jules,Delessert,france
Henri-Jacques,Caumont,france
Jean-Louis,Mandel,france
Louis,Lémery,france
René,Thom,france
Jean-Baptiste,d'Arnouville,france
Hubert,Curien,france
Denis,Burkitt,france
Émile,Achard,france
Friedrich,Hirzebruch,france
Jules,Cloquet,france
Jean-Bernard,Zuber,france
Francis,Howell,france
Maurice,Fréchet,france
Neil,Bartlett,france
Yves,Delage,france
Pierre,Deligne,france
Robert,Bunsen,france
Constant,Prévost,france
Auguste,Bravais,france
Louis,Joubin,france
Pierre,Maupertuis,france
Shinya,Yamanaka,france
Carlos,Filho,france
Ferdinand,Mueller,france
Valentine,Telegdi,france
Pierre,Bonnet,france
Pedro,Brazil,france
César-Mansuète,Despretz,france
Pierre,Auger,france
Louis,Duperrey,france
Jean,Chazy,france
Bernard,Derrida,france
Arlette,Nougarède,france
Raymond,Stora,france
Pierre,Palassou,france
Louis-Jean-Marie,Daubenton,france
Éric,Karsenti,france
Lluis,Quintana-Murci,france
Jacques,Villain,france
Eilhard,Mitscherlich,france
Robert,Courrier,france
Antoine,Lamballe,france
Anatole,Abragam,france
Paul,Malouin,france
Daniel,Ricquier,france
François-Edmond,Pâris,france
Yvon,Maho,france
Jean-Baptiste,Roy,france
Louis,Nirenberg,france
Marc,Fontecave,france
Marc,Seguin,france
Georges,Charpy,france
Jean,Ichbiah,france
Antoine,Triller,france
Henri,Milloux,france
Gabriel,Bertrand,france
Guichard,Duverney,france
Pierre,Bayen,france
Jean,Hachette,france
Florent-Jean,Vallière,france
Mathurin,Brisson,france
Christian,Dumas,france
Émile,Amagat,france
Nevil,Maskelyne,france
Robert,Esnault-Pelterie,france
François,Garsault,france
Étienne-Louis,Malus,france
Jacques,Livage,france
Ferdinand,Fouqué,france
Christian,Duve,france
Henri,Dulac,france
François,Magendie,france
Justin,Girod-Chantrans,france
Gilbert,Guillaume,france
Laurent,Lafforgue,france
Guillaume,Mazeas,france
Sébastien,Candel,france
Macedonio,Melloni,france
André,Blondel,france
Sauveur,Morand,france
Guglielmo,Sommaja,france
Jean-Rodolphe,Perronet,france
Charles,Barrois,france
Denis,Jérome,france
Albrecht,Haller,france
Auguste,Lumière,france
Eugène,Cosserat,france
Joseph,Saurin,france
Richard,Peto,france
Joseph,Dagelet,france
Philippe,Sansonetti,france
Henri,Filhol,france
Paul-Henri,Rebut,france
Étienne,Montigny,france
Jean,d'Alembert,france
Claude,Allègre,france
Mikhail,Ostrogradsky,france
Maurice,Leblanc,france
Ernest,Vessiot,france
Franz,Neumann,france
André,Couder,france
Gaston,Charlot,france
Joanne,Chory,france
John,Law,france
Charles-Georges,Roy,france
Alain,Fischer,france
Bernard,Jussieu,france
Reinhart,Dozy,france
Ludwik,Leibler,france
Paul,Helbronner,france
Roland-Michel,Galissonière,france
Giovanni,Maraldi,france
Frederick,Sanger,france
Jean,Dalibard,france
Christophe,Soulé,france
Jules,Violle,france
Philippe,Morat,france
Jacques,Sturm,france
Michel,Talagrand,france
Jean,Bailly,france
Jean,Zinn-Justin,france
Johann,Bernoulli,france
Philippe,Sautet,france
Jacques,Glowinski,france
Paul,Luynes,france
Roland,Bonaparte,france
Guillaume-Antoine,Olivier,france
Peter,Lax,france
Blas,Cabrera,france
Isidore,Saint-Hilaire,france
Philibert,Guinier,france
Charles,Croix,france
Joseph,Lieutaud,france
Pierre,Roux,france
Fabiola,Gianotti,france
Georges-Louis,Leclerc,france
Hervé,Faye,france
George,Parker,france
Jean-Étienne,Montucla,france
Marcel,Méchali,france
Charles,Lallemand,france
Pierre,Weiss,france
Claude,Perrault,france
Siméon,Poisson,france
Jean,Iliopoulos,france
Jean,Noailles,france
Jean,Salençon,france
Suzanne,Cory,france
Paul,Berg,france
Paul,Lévy,france
Pierre,Lemonnier,france
Camille,Tissot,france
Charles,Brutelle,france
François,Baccelli,france
Pierre,Potain,france
Jean-Baptiste,Bouillaud,france
Jean-Loup,Waldspurger,france
George,Hale,france
Paul,Fallot,france
Nicolaas,Bloembergen,france
Maxime,Schwartz,france
Alfred,Balachowsky,france
Charles-François,Mirbel,france
Évariste,Sanchez-Palencia,france
Adrien-Marie,Legendre,france
Henri-Émile,Bazin,france
Paul,Langevin,france
Charles,Pilet,france
Pierre,Broussonet,france
Arnaud,Denjoy,france
Victor,Prunelle,france
Abel,Petit-Thouars,france
Pierre,Fayet,france
Gabriel,Lippmann,france
Ennio,Giorgi,france
Marguerite,Perey,france
François,Petit,france
Pierre,Dangeard,france
Charles,Fleurieu,france
Carlos,Ibero,france
Gabriel,Lamé,france
Jean,Guyon,france
Étienne,Saint-Hilaire,france
François,Arago,france
Marc,René,france
Antoine,Passy,france
Jean-Jacques,Mairan,france
Michel,Chasles,france
Michel,Haïssaguerre,france
Gerald,Edelman,france
François,Forbonnais,france
Alain,Chédotal,france
André,Zaoui,france
Marcel,Brillouin,france
Kiyosi,Itô,france
Marc,Jeannerod,france
Jacques,Ruffié,france
Joseph,Black,france
Claude,Gay,france
Friedrich,Lütke,france
Sébastien,Vaillant,france
Théodore,Monod,france
Joseph,Doob,france
Adrien,Gasparin,france
Antoine,Petit,france
André,Lichnerowicz,france
Antoine,Lavoisier,france
Ki Suk,Shin,korean
Dawnhee,Yim,korean
In Seung,Jeong,korean
Chang Hi,Cheong,korean
Koo Dong,Han,korean
Tscholsu,Kim,korean
Hong Woo,Kim,korean
Hak-chu,Kim,korean
Seung Kook,Lew,korean
Ouk Keun,Kim,korean
Zai Kuk,Kim,korean
Kee Young,Kim,korean
Chung Ki,Pahk,korean
Yong Rin,Chi,korean
Soo Sun,Park,korean
Jae-Ho,Cha,korean
Song Mu,Lee,korean
Sang Lak,Oh,korean
Jang Moo,Lee,korean
Hong Sik,Lee,korean
Won Jai,Maeng,korean
Jung Yul,Yoo,korean
Sung Chick,Hong,korean
Wan,Tong,korean
Ju Dong,Yang,korean
Moon Ki,Chyung,korean
Hyun Wee,Oh,korean
Sang Ki,Kim,korean
Woon Tai,Kim,korean
Lin Keun,Woo,korean
Myung-Soon,Shin,korean
Joong whi,Kwon,korean
Tae Jin,Yi,korean
Ki Baik,Lee,korean
Chong-Hyun,Park,korean
Eui Chol,Lee,korean
Ki Won,Chang,korean
Won Taik,Rim,korean
Kwang Hyon,Chung,korean
Geun Chil,Lee,korean
Young Choong,Kim,korean
Myung Son,Kim,korean
Shin Yo,Chang,korean
Zae Geun,Kim,korean
Eun Woong,Lee,korean
Yun Kyong,Kim,korean
Hong Ryeol,Ryu,korean
Hong Kyu,Kim,korean
Yun Je,Cho,korean
Ho Chin,Choi,korean
Jin Kee,Lee,korean
Ji Soo,Yuk,korean
Whang Kyung,Koh,korean
Oh Ik,Kwun,korean
Sang Eun,Lee,korean
Bok Song,Cho,korean
Yong Hae,Kim,korean
Byung Kook,Hwang,korean
Mun Sang,Kim,korean
Il Sun,Yun,korean
Chin O,Yu,korean
Jae Chol,Song,korean
Han Young,Rim,korean
Tou Shik,Kang,korean
Yoon Soo,Kim,korean
Man Chun,Han,korean
Myung Jin,Park,korean
Chong Yul,Lim,korean
Suc Kew,Yun,korean
Byong Tai,Min,korean
Byung Koo,Hyun,korean
L. George,Paik,korean
Byung Hyou,Chung,korean
Sung Won,Kim,korean
Dong Suk,Yoon,korean
Keun Tae,Lee,korean
Bong Kyun,Kim,korean
Young So,Lee,korean
Chang Gu,Lee,korean
Jang Nag,Lee,korean
Suk-Jin,Chang,korean
Kyun Sang,Lee,korean
Ha Wook,Park,korean
Chung Han,Kim,korean
Che Won,Kim,korean
Myung-Shik,Lee,korean
Sung Ho,Choh,korean
Chong Supp,Shim,korean
Byong Hee,Choe,korean
Jyong Sup,Shim,korean
Sin Taek,Kang,korean
Jong Chol,Kim,korean
Suk Hong,Min,korean
Hee In,Park,korean
Byung Woo,Yang,korean
Chwa Kyung,Sung,korean
Won Yong,Kim,korean
Joon Ho,Kim,korean
Soo Jin,Kim,korean
Sei Hun,Chang,korean
Chong Suk,Kim,korean
Hyoung kon,Koh,korean
Ik Choon,Lee,korean
Hyun-Chin,Lim,korean
Hong Suk,Lee,korean
Jae Hui,Choi,korean
Ho Wang,Lee,korean
Byoung Yil,Lee,korean
Woo Choo,Lee,korean
Kyu Young,Kim,korean
Byong Wuk,Chung,korean
Hyo Rok,Kim,korean
Sung Jae,Koh,korean
Byung Nam,Oh,korean
Hee-Sung,Keel,korean
Byong Seol,Seo,korean
Chae Koo,Lee,korean
Gyung-ryul,Jang,korean
Ki Jung,Yoon,korean
Ki-Jun,Jeong,korean
Sang Back,Lee,korean
Chin Ha,Chung,korean
Chae Hoh,Lee,korean
Soon,Cho,korean
Chae Chun,Lee,korean
Mun Hwan,Choi,korean
Jae Yeung,Cho,korean
Pyong Do,Yi,korean
Hyung Sup,Choi,korean
Sang Sup,Lee,korean
Dong Il,Kim,korean
Tae Kil,Kim,korean
Sung Yun,Hong,korean
Don Hee,Lee,korean
Chi Sun,Kim,korean
Ki Hyuk,Park,korean
Ho-Dong,Kim,korean
Dae Sung,Lee,korean
Kyu-Young,Whang,korean
Ka Won,Lee,korean
Dong-il,Cho,korean
Sung Tae,Kim,korean
Ki Sok,Kim,korean
Hae Jong,Chun,korean
Hang-Shoon,Choi,korean
Duk Soon,Chang,korean
Neung Wou,Lee,korean
Chung Kyun,Kim,korean
Pyong Ro,Kim,korean
Yung Sik,Kim,korean
Sook-Il,Kwun,korean
Won Chol,Lee,korean
Ki Dok,Kim,korean
Yong Soon,Lee,korean
Chin Hong,Chung,korean
Il Kyong,Park,korean
Sung Hi,Kim,korean
Re Suk,Chai,korean
Soon Hyung,Lee,korean
Heon-Seop,Shim,korean
Yeung Ho,Park,korean
Chol Jae,Park,korean
Sehie,Park,korean
Seong-Hoe,Park,korean
Chong Il,Lee,korean
Sang Yong,Kim,korean
Soon Woo,Hong,korean
Chang Whan,Kim,korean
Hee,Song,korean
Young Gyu,Minn,korean
Doo Jong,Kim,korean
Byong Gook,Ko,korean
Su-Yong,Kim,korean
Joon Bo,Kim,korean
Dong Ki,Kim,korean
Ki Dong,Lee,korean
Eul Yong,Pak,korean
Helen,Kim,korean
Tong Hyuk,Ahn,korean
Heung Woo,Nam,korean
Hi Seung,Lee,korean
Ui Sol,Cho,korean
Burn Jang,Lim,korean
Yong Sop,Kim,korean
Dong-Yoon,Chung,korean
Kyu Nam,Choi,korean
Kwang Soon,Park,korean
Yong-Woon,Park,korean
Tae Young,Choe,korean
Jin Soon,Ju,korean
Ju Whan,Kim,korean
Chang Sup,Yoon,korean
Tae Rin,Kim,korean
Sang Koo,Lee,korean
Myong Won,Suhr,korean
Kyong Dong,Kim,korean
Moon Hyup,Kim,korean
Sun Sik,Kim,korean
Hyun Tae,Kim,korean
Byung Hui,Park,korean
Yong-Ha,Shin,korean
Myeong-han,Zoh,korean
Byoung Jo,Choe,korean
Chang Chun,Woo,korean
Tai Kyue,Ree,korean
U-Hang,Ki,korean
Sung Gak,Hong,korean
Sang Man,Lee,korean
Jeongbin,Yim,korean
Tai Won,Park,korean
Moo Byong,Youn,korean
Hak-Yong,Rhee,korean
Yang eun,Chung,korean
Ho Sik,Kim,korean
Yun Sik,Choi,korean
Chong Hong,Park,korean
Tae Kyung,Cho,korean
Woon Hah,Paik,korean
Sang Up,Choi,korean
Man Gap,Lee,korean
Yong Kwan,Kim,korean
Hyung Ju,Woo,korean
Myong Hwan,Jung,korean
Bang Jin,Choi,korean
Mun Ho,Lee,korean
Nung Min,Yoon,korean
Han Sik,Min,korean
Ki Yung,Lee,korean
Won Sun,Park,korean
Bong Kug,Ohh,korean
Ho Wan,Chang,korean
Sung Hyun,Park,korean
Du Hyun,Lee,korean
Hong Joo,Moon,korean
Kiehwa,Lee,korean
Yong Hee,Lee,korean
Dae Hwan,Kim,korean
Chae Koon,Koh,korean
Chungmin,Lee,korean
Sung Shik,Cho,korean
Hy Sop,Lim,korean
Han Key,Lee,korean
Eun,Lee,korean
O Joong,Kim,korean
Young Ho,Chung,korean
Sang Won,Yun,korean
Byeong Gi,Lee,korean
Dong-Suck,Chang,korean
Ho-In,Lee,korean
Chung Hyun,Park,korean
Jin Soon,Yu,korean
Q Won,Choi,korean
Yung Sun,Kang,korean
Kwang Ha,Cho,korean
Doo Bong,Ha,korean
Gynheung,An,korean
Chai-song,Hong,korean
Sang Dai,Park,korean
Nyong Dae,Kwon,korean
Se Kyu,Lee,korean
Seok In,Huang,korean
Nam Jin,Kim,korean
Sang Hyup,Kim,korean
Jong Heul,Hwang,korean
Myong ro,Yoon,korean
Ryang,Lee,korean
Sang Gu,Kim,korean
Li-Hyung,Lee,korean
Soo-il,Kwak,korean
Hoon Soo,Kim,korean
Yong Il,Kim,korean
Byong Ki,Lee,korean
Se Won,Yoon,korean
Ho Sang,An,korean
Ju Kwan,Cho,korean
Kap Byung,Yoon,korean
Ho Young,Choi,korean
Jeong Woo,Lee,korean
Jung Bock,Lee,korean
Tai Whan,Shin,korean
jo Han,Zoh,korean
Byoung Ho,Park,korean
Choong Woong,Lee,korean
Myung Soon,Kang,korean
Young Han,Kim,korean
Gook Jin,Moon,korean
Jisoon,Lee,korean
Jong Ho,Lee,korean
Byung-Hyun,Choi,korean
Suk Kee,Yoh,korean
Hang Nyong,Lee,korean
Jong Kuk,Lee,korean
Baik Hyun,Cho,korean
Son Keun,Lee,korean
Sam Soon,Kim,korean
Jin-Ho,Choy,korean
Kwang-Hie,Soh,korean
Sim Sok,Han,korean
Chol Choon,Kim,korean
Byung Joon,Ahn,korean
Ki Moon,Lee,korean
Se Hee,Ahn,korean
Taik Sik,Lee,korean
Il Jung,Yun,korean
Choon Min,Kim,korean
I Sop,Hong,korean
Ju Chan,Sonn,korean
Kwang Rin,Lee,korean
Poong Chin,Chun,korean
Tae Hyun,Jung,korean
Chun Joo,Yoon,korean
Ha Soon,Cha,korean
Ohseung,Kwon,korean
Sun-Ho,Yoo,korean
Ton Kak,Suh,korean
Wan Jin,Kim,korean
Woo Sung,Lee,korean
SuckYoon,Chang,korean
Sang -Joo,Kim,korean
Jihn Eui,Kim,korean
Min Jai,Lee,korean
Hi Bong,Lee,korean
Hyung Jin,Yoo,korean
Ki-Suk,Lee,korean
San Duk,Hwang,korean
Sung Kyu,Lee,korean
Jung-Woong,Ra,korean
Byung Soo,Kim,korean
Yoon Suk,Koh,korean
Ki Chon,Yu,korean
Nak Doo,Kim,korean
Ok Joon,Kim,korean
Shin Kyu,Hyun,korean
Ki Du,Kim,korean
Young Suk,Ki,korean
Chong Ryun,Lee,korean
Choong Ryul,Kim,korean
Man Young,Rhee,korean
Soon Tahk,Choh,korean
Sang Soo,Lee,korean
Song-yop,Hahn,korean
Hyung Yoon,Byun,korean
Choon Sup,Kim,korean
Hyo-Jeon,Kim,korean
Sung-Gyu,Lee,korean
In Heung,Chung,korean
Kyung Yol,Choi,korean
Chun Suk,Auh,korean
Hyun Chang,Kim,korean
Duk Kyu,Jin,korean
Ki Jun,Cho,korean
Keh Kun,Choi,korean
Ho Pung,Park,korean
hee-sup,Shin,korean
Soo Yung,Chung,korean
Sang Won,Cha,korean
Chi Moo,Son,korean
Hyung-kook,Lee,korean
Dohan,Kim,korean
Duk Yong,Yoon,korean
Sung Nyong,Lee,korean
Ki Hong,Kim,korean
Chung Yong,Kim,korean
Du Hon,Kim,korean
Sung Won,Rhee,korean
Chae-Shik,Rho,korean
Hyun Bae,Choi,korean
Yong Koo,Kim,korean
Sok Ho,Shin,korean
Chun Yung,Lee,korean
Oh Hyun,Rho,korean
Suil,Kim,korean
Sae Jin,Rha,korean
Wanki,Paik,korean
Yong Jik,Kim,korean
Ke Sook,Kim,korean
Seh Kyu,Chun,korean
Tong Kil,Park,korean
Hyon gyu,Kim,korean
Han Goo,Lee,korean
E Hyock,Kwon,korean
Chong Wu,Lee,korean
Wankyoo,Cho,korean
Seung Mann,Park,korean
Hyun Jae,Lee,korean
Seung-Woo,Park,korean
Byung Wee,Lee,korean
Jung Soo,Kim,korean
Chi Young,Kim,korean
Dong Uk,Kim,korean
Chan,Lee,korean
Dong Hwa,Kim,korean
Su Young,Hwang,korean
Dong Suh,Bark,korean
Kyung Shik,Lee,korean
Bum Mo,Chung,korean
Pong Youl,Pac,korean
Yang-Do,Choi,korean
Jea Seung,Ko,korean
Yung Kee,Shin,korean
Ki Pyok,Cha,korean
Do Song,Shin,korean
Jae Won,Kang,korean
Se Chang,Yoon,korean
Jang-Hee,Yoo,korean
Tae Sang,Won,korean
Sung Jin,Lee,korean
Wou Sung,Son,korean
Hoo Sup,Chung,korean
Sun Whi,Cho,korean
Byong Ik,Koh,korean
Hyun Uk,Kim,korean
Sang Ryong,Koh,korean
Sang Yong,Kim,korean
Jhong Won,Kim,korean
Young Sik,Park,korean
In Ki,Lee,korean
Yung Nok,Lee,korean
Young Nok,Koo,korean
Ho Jik,Kim,korean
Sa-Soon,Yoon,korean
Woo Keun,Han,korean
Yang Ha,Lee,korean
Sang-Bok,Han,korean
Chu Whan,Cha,korean
Михаил,Кузнецов,russia
Николай,Похиленко,russia
Василий,Шабанов,russia
Юрий,Конкин,russia
Владимир,Платонов,russia
Михаил,Грачев,russia
Михаил,Кирпичников,russia
Владимир,Милосердов,russia
Вадим,Мазуров,russia
Владимир,Попов,russia
Владимир,Тильба,russia
Михаил,Егоров,russia
Евгений,Тыртышников,russia
Алексей,Рындин,russia
Александр,Молдован,russia
Анатолий,Коновалов,russia
Иван,Кочиш,russia
Иван,Егоров,russia
Владимир,Дегтярь,russia
Владимир,Кутырев,russia
Любовь,Римарева,russia
Александр,Донченко,russia
Михаил,Данилов,russia
Борис,Аннин,russia
Михаил,Пирадов,russia
Юсупжан,Юлдашбаев,russia
Николай,Мушников,russia
Хизри,Амирханов,russia
Алексей,Лопатин,russia
Андрей,Лисица,russia
Ираида,Сидорова,russia
Владимир,Барановский,russia
Александр,Кулешов,russia
Петр,Бакланов,russia
Юрий,Наточин,russia
Юрий,Решетняк,russia
Ольга,Афанасенко,russia
Сергей,Денисов,russia
Евгений,Велихов,russia
Михаил,Дубина,russia
Валерий,Кубышкин,russia
Виктор,Гостищев,russia
Роберт,Нигматулин,russia
Ольга,Лаврик,russia
Александр,Литвак,russia
Станислав,Васильев,russia
Александр,Чубарьян,russia
Лев,Беклемишев,russia
Ривнер,Ганиев,russia
Валерий,Козлов,russia
Людмила,Иванова,russia
Евгений,Якушенко,russia
Владимир,Захаренко,russia
Алексей,Баиндурашвили,russia
Александр,Дынкин,russia
Наталья,Иванова,russia
Александр,Клименко,russia
Сергей,Пузин,russia
Андрей,Иванов,russia
Михаил,Федорук,russia
Владимир,Минкин,russia
Игорь,Спасский,russia
Марат,Юнусов,russia
Алексей,Дедов,russia
Андрей,Куликовский,russia
Сергей,Гончаров,russia
Анатолий,Русанов,russia
Михаил,Пальцев,russia
Александр,Ноздрачев,russia
Юрий,Ильин,russia
Людмила,Филаретова,russia
Василий,Закшевский,russia
Гарегин,Тосунян,russia
Вадим,Покровский,russia
Юрий,Пивоваров,russia
Ашот,Саркисов,russia
Наталья,Полунина,russia
Александр,Куделин,russia
Сергей,Гаранин,russia
Валентина,Петеркова,russia
Дмитрий,Ушаков,russia
Евгений,Харитонов,russia
Дмитрий,Маркович,russia
Виталий,Бердышев,russia
Виктор,Маслов,russia
Андрей,Каприн,russia
Армаис,Камалов,russia
Евгений,Соколов,russia
Александр,Стрижаков,russia
Михаил,Угрюмов,russia
Александр,Куржанский,russia
Арутюн,Аветисян,russia
Николай,Майстренко,russia
Игорь,Пронин,russia
Анатолий,Алтухов,russia
Александр,Костяев,russia
Виктор,Савиных,russia
Илья,Долгушин,russia
Владимир,Солошенко,russia
Александр,Арчаков,russia
Андрей,Важенин,russia
Александр,Караулов,russia
Анатолий,Завражнов,russia
Николай,Яхно,russia
Алевтина,Бровкина,russia
Юрий,Пивоваров,russia
Анатолий,Смирнов,russia
Егор,Строев,russia
Вячеслав,Шкурупий,russia
Виктор,Драгавцев,russia
Евгений,Чуразов,russia
Иван,Дедов,russia
Александр,Аникин,russia
Феликс,Летников,russia
Ирина,Горячева,russia
Николай,Палеев,russia
Александр,Латышев,russia
Валерий,Тишков,russia
Виталий,Литвинов,russia
Петр,Горовой,russia
Николай,Дубенок,russia
Сергей,Стишов,russia
Анатолий,Покровский,russia
Дмитрий,Рютов,russia
Александр,Гинцбург,russia
Рашид,Сюняев,russia
Игорь,Чернышев,russia
Феликс,Черноусько,russia
Валентин,Смирнов,russia
Юрий,Дгебуадзе,russia
Валерий,Береговых,russia
Андрей,Лагарьков,russia
Борис,Порфирьев,russia
Сергей,Кочетков,russia
Алексей,Паршин,russia
Владимир,Надыкта,russia
Ирина,Чернуха,russia
Александр,Караськов,russia
Константин,Кулик,russia
Игорь,Мешков,russia
Гурий,Ступаков,russia
Владимир,Подзолков,russia
Леопольд,Леонтьев,russia
Борис,Базаров,russia
Александр,Кириенко,russia
Геннадий,Беспахотный,russia
Юрий,Костицын,russia
Игорь,Савин,russia
Евгений,Гордеев,russia
Александр,Сауров,russia
Виктор,Сычев,russia
Константин,Анохин,russia
Владислав,Пустовойт,russia
Владимир,Стародубов,russia
Александр,Спасов,russia
Геннадий,Котельников,russia
Валерий,Матвеенко,russia
Сергей,Матвеев,russia
Владимир,Окрепилов,russia
Фёдор,Гречников,russia
Георгий,Георгиев,russia
Альберт,Ширяев,russia
Владимир,Зыкин,russia
Роберт,Сурис,russia
Валерий,Пузырев,russia
Борис,Каторгин,russia
Леонид,Ильин,russia
Евгений,Моисеев,russia
Александр,Петриков,russia
Василий,Сысуев,russia
Александр,Боровков,russia
Анатолий,Авидзба,russia
Олег,Руденко,russia
Валерий,Калашников,russia
Олег,Фаворский,russia
Владимир,Косолапов,russia
Вячеслав,Лукомец,russia
Евгений,Шляхто,russia
Гермоген,Крымский,russia
Виктор,Егоров,russia
Николай,Яицкий,russia
Юрий,Васильев,russia
Александр,Бондарь,russia
Юрий,Апресян,russia
Александр,Леонтьев,russia
Иван,Куликов,russia
Иван,Храмцов,russia
Андрей,Гапонов-Грехов,russia
Генрих,Софронов,russia
Юрий,Лобзин,russia
Владимир,Дегтярев,russia
Маркс,Штарк,russia
Сергей,Иванов,russia
Валерий,Чарушин,russia
Аслан,Кубатиев,russia
Юрий,Золотов,russia
Владислав,Лекторский,russia
Владимир,Ревердатто,russia
Сергей,Бойцов,russia
Виталий,Кведер,russia
Кирилл,Дегтярев,russia
Михаил,Давыдов,russia
Климент,Трубецкой,russia
Валерий,Кулешов,russia
Григорий,Трубников,russia
Юрий,Малышев,russia
Василий,Борисов,russia
Валентин,Анаников,russia
Александр,Лавров,russia
Виктор,Хлыстун,russia
Алла,Цыбань,russia
Владимир,Кашин,russia
Андрей,Ремпель,russia
Константин,Григорович,russia
Эдуард,Айламазян,russia
Александр,Разумов,russia
Александр,Серков,russia
Сергей,Терновой,russia
Анатолий,Мирошников,russia
Николай,Кузнецов,russia
Валентин,Чантурия,russia
Евгений,Чойнзонов,russia
Сергей,Аветисов,russia
Игорь,Коропачинский,russia
Петр,Глыбочко,russia
Геннадий,Сухих,russia
Михаил,Залиханов,russia
Владислав,Шацкий,russia
Виктор,Малеев,russia
Сергей,Шабунин,russia
Юрий,Карпов,russia
Юрий,Спиридонов,russia
Георгий,Толстой,russia
Юрий,Оганесян,russia
Владимир,Клюев,russia
Алексей,Конторович,russia
Анатолий,Смулевич,russia
Геннадий,Карлов,russia
Александр,Сигов,russia
Виктор,Осипов,russia
Николай,Соболев,russia
Игорь,Еременко,russia
Владимир,Баутин,russia
Сергей,Чернышев,russia
Леонид,Бокерия,russia
Револьд,Энтов,russia
Дмитрий,Гранов,russia
Виталий,Зверев,russia
Игорь,Тарчевский,russia
Михаил,Пиотровский,russia
Геннадий,Осипов,russia
Феликс,Ершов,russia
Алексей,Завалин,russia
Отари,Дидманидзе,russia
Юрий,Шелыгин,russia
Валерий,Савченко,russia
Николай,Казанский,russia
Валентин,Моисеенко,russia
Юрий,Рахманин,russia
Юрий,Лачуга,russia
Александр,Глико,russia
Владимир,Серов,russia
Святослав,Медведев,russia
Марина,Шестакова,russia
Олег,Крохин,russia
Валентин,Сергиенко,russia
Валерий,Макаров,russia
Николай,Пономарев-Степной,russia
Владимир,Фисенко,russia
Олег,Богатиков,russia
Валерий,Сергиенко,russia
Александр,Ханчук,russia
Валерий,Бухтияров,russia
Николай,Кузнецов,russia
Виктор,Руденко,russia
Юрий,Ершов,russia
Анна,Анфиногентова,russia
Алексей,Хохлов,russia
Вадим,Счастливцев,russia
Сергей,Попов,russia
Николай,Сидельников,russia
Владимир,Крылов,russia
Харон,Амерханов,russia
Валентин,Пармон,russia
Георгий,Франк,russia
Владимир,Плунгян,russia
Геннадий,Филиппов,russia
Виталий,Адушкин,russia
Камо,Демирчян,russia
Наталия,Власенко,russia
Рамил,Хабриев,russia
Левон,Ашрафян,russia
Иван,Новаков,russia
Евгений,Титов,russia
Иван,Айдаров,russia
Юрий,Парийский,russia
Владислав,Панченко,russia
Юрий,Шокин,russia
Леопольд,Лобковский,russia
Иван,Хицков,russia
Владислав,Румянцев,russia
Алексей,Семёнов,russia
Николай,Володин,russia
Геннадий,Онищенко,russia
Анатолий,Холькин,russia
Олег,Ермилов,russia
Андрей,Петров,russia
Михаил,Воевода,russia
Валерий,Корниенко,russia
Алексей,Ребров,russia
Радий,Илькаев,russia
Виктор,Овчаренко,russia
Юрий,Полушин,russia
Александра,Бужилова,russia
Михаил,Рощевский,russia
Виктор,Матвеев,russia
Николай,Беляков,russia
Николай,Диканский,russia
Константин,Солнцев,russia
Виктор,Садовничий,russia
Юрий,Арский,russia
Александр,Некипелов,russia
Владимир,Устинов,russia
Сергей,Инге-Вечтомов,russia
Вадим,Кукушкин,russia
Владимир,Петров,russia
Владимир,Нероев,russia
Александр,Макацария,russia
Владимир,Лысак,russia
Виталий,Хилько,russia
Виктор,Богатов,russia
Владислав,Хомич,russia
Сергей,Готье,russia
Михаил,Кузьмин,russia
Виктор,Вебер,russia
Игорь,Решетов,russia
Владимир,Солодкий,russia
Юрий,Матиясевич,russia
Алексей,Богданов,russia
Виктор,Геловани,russia
Василий,Глухих,russia
Валентина,Синеговская,russia
Олег,Пугачев,russia
Алексей,Розанов,russia
Андрей,Зефиров,russia
Сергей,Михеев,russia
Михаил,Маров,russia
Иван,Дунин,russia
Яков,Лобачевский,russia
Валерий,Быков,russia
Александр,Соболев,russia
Игорь,Затевахин,russia
Наиль,Амиров,russia
Валерий,Мешалкин,russia
Олег,Лоран,russia
Владимир,Маевский,russia
Владимир,Попов,russia
Сергей,Карпов,russia
Владимир,Бетелин,russia
Владимир,Шумный,russia
Владимир,Болдырев,russia
Алексей,Старобинский,russia
Игорь,Маев,russia
Дмитрий,Павлов,russia
Виктор,Колосов,russia
Юргис,Бредикис,russia
Михаил,Курленя,russia
Дмитрий,Пушкарь,russia
Вячеслав,Щедрин,russia
Елена,Голухова,russia
Юрий,Попков,russia
Юрий,Журавлев,russia
Наталия,Беседнова,russia
Эдуард,Сон,russia
Мамед,Алиев,russia
Сергей,Деев,russia
Владимир,Павлюшин,russia
Александр,Стемпковский,russia
Владимир,Тартаковский,russia
Григорий,Ройтберг,russia
Анатолий,Кулаков,russia
Анатолий,Фоменко,russia
Андрей,Решетников,russia
Абдусалам,Гусейнов,russia
Любовь,Колесникова,russia
Валерий,Труфакин,russia
Владимир,Алпатов,russia
Николай,Милащенко,russia
Андрей,Рудской,russia
Валерий,Верниковский,russia
Андрей,Кокошин,russia
Владимир,Марченко,russia
Юрий,Беленков,russia
Анатолий,Журавлев,russia
Павел,Георгиев,russia
Лев,Зеленый,russia
Олег,Бухарин,russia
Вениамин,Алексеев,russia
Людмила,Петрова,russia
Владимир,Ивашкин,russia
Анатолий,Коротеев,russia
Виктор,Баранов,russia
Александр,Скоромец,russia
Владимир,Сотченко,russia
Дмитрий,Орлов,russia
Анатолий,Деревянко,russia
Евгений,Кузнецов,russia
Владимир,Козлов,russia
Владимир,Захаров,russia
Александр,Гречкин,russia
Николай,Комов,russia
Михаил,Гулюкин,russia
Владимир,Левин,russia
Евгений,Ваганов,russia
Олег,Чупахин,russia
Владимир,Казанский,russia
Сергей,Годунов,russia
Иван,Щербаков,russia
Александр,Скринский,russia
Василий,Фомин,russia
Анатолий,Мартынов,russia
Юрий,Щербук,russia
Всеволод,Ткачук,russia
Владимир,Котляков,russia
Петр,Чекмарев,russia
Laurie,Glimcher,us
Frederick,Sanger,us
Steven,Tanksley,us
Norman,Phillips,us
James,Darnell,us
Thomas,Eisner,us
Donald,Hunten,us
William,Brinkman,us
Albert,Eschenmoser,us
Eloise,Giblett,us
George,Preston,us
Robert,Desimone,us
Margaret,Tolbert,us
Grace,Wahba,us
Kerry,Smith,us
Gerald,Shulman,us
Ofer,Bar-Yosef,us
Daniel,Gajdusek,us
Avinash,Dixit,us
Harald,Reuter,us
Gergely,Csibra,us
Albert,Chapelle,us
John,Hayes,us
Major,Goodman,us
Guido,Munch,us
Thomas,Meyer,us
Carl,Woese,us
Manuel,Blum,us
Ronald,Davis,us
Wolfgang,Lutz,us
Philip,Johnson-Laird,us
Carl,Heiles,us
Joseph,Takahashi,us
Jean-Michel,Saveant,us
Stephen,Goff,us
Barry,Sharpless,us
James,Bjorken,us
John,Ross,us
Mary,Estes,us
Peter,Hagoort,us
Michael,Gazzaniga,us
Ann,Nelson,us
Kenneth,Wachter,us
Hilary,Koprowski,us
Pedro,Sanchez,us
Jan,Achenbach,us
Larry,Abbott,us
Robert,Alberty,us
Allen,Puckett,us
Jerome,Friedman,us
Peter,Stang,us
David,Nelson,us
Marianne,Frankenhaeuser,us
John,Sedat,us
Peter,Rossky,us
George,Denton,us
Stephen,Adler,us
Angela,Gronenborn,us
Stephen,Elledge,us
Lynn,Landmesser,us
Lincoln,Wolfenstein,us
Mark,Groudine,us
Mary-Lou,Pardue,us
John,Roberts,us
Stephen,Mayo,us
Albert,Meyers,us
Bob,Buchanan,us
Todd,Klaenhammer,us
Emanuel,Epstein,us
Shrinivas,Kulkarni,us
Barbara,Dosher,us
Wick,Haxton,us
Philip,Green,us
Donald,Zilversmit,us
Paul,Kaesberg,us
Eckard,Wimmer,us
Richard,Locksley,us
Rainer,Weiss,us
Veerabhadran,Ramanathan,us
Stanford,Woosley,us
Lois,Miller,us
Jack,Goody,us
Saul,Perlmutter,us
Heinrich,Rohrer,us
David,Buckingham,us
Andrzej,Tarkowski,us
Peter,Moore,us
John,Chipman,us
David,Kingsley,us
Jorge,Galan,us
Vernon,Smith,us
Hans,Schellnhuber,us
Simon,Ramo,us
Robert,Burris,us
Ken,Thompson,us
Yuet,Kan,us
Solomon,Snyder,us
Donald,Rubin,us
Teruaki,Mukaiyama,us
Edmond,Fischer,us
Alfred,Redfield,us
Lawrence,Weiskrantz,us
Marvin,Chodorow,us
Hugh,McDevitt,us
Louise,Chow,us
Frederick,Hawthorne,us
Larry,Squire,us
Wah,Chiu,us
Herwig,Kogelnik,us
Rudolf,Jaenisch,us
Richard,Lerner,us
Edwin,Lightfoot,us
Per,Andersen,us
Robert,Selander,us
Keith,Yamamoto,us
Iva,Greenwald,us
Rolf,Huisgen,us
Esther,Duflo,us
Susan,Horwitz,us
Dale,Harlingen,us
Stanley,Prusiner,us
Riccardo,Dalla-Favera,us
Howard,Stone,us
Kurt,Wüthrich,us
Richard,Nisbett,us
Se-Jin,Lee,us
Charles,Stevens,us
Jan-Ake,Gustafsson,us
Kenneth,McKay,us
Anthony,Leggett,us
Philip,Beachy,us
Peter,Bickel,us
Jerome,Karle,us
Kenneth,Kinzler,us
Leroy,Hood,us
Leif,Andersson,us
David,Raup,us
Patrick,Suppes,us
Carver,Mead,us
Liqun,Luo,us
Estella,Leopold,us
Andrew,Marks,us
Ronald,Germain,us
Stanley,Prusiner,us
John,Hildebrand,us
James,Fearon,us
Leonid,Keldysh,us
Robert,Engle,us
Hamish,Robertson,us
Charles,Slichter,us
Walter,Gehring,us
George,Somero,us
Julius,Rebek,us
David,Turnbull,us
Harold,Scheraga,us
Leopold,Pospisil,us
Rudi,Schmid,us
Richard,Durrett,us
Melvin,Schwartz,us
Andrew,Streitwieser,us
Morris,Halle,us
Akira,Endo,us
Peter,Palese,us
Sherman,Weissman,us
Sean,Solomon,us
Samuel,Preston,us
Margarita,Salas,us
Eric,Conn,us
John,Mekalanos,us
Edward,Lewis,us
Robert,Wasserman,us
Michael,Lynch,us
Donald,Metcalf,us
Zachary,Fisk,us
Mitzi,Kuroda,us
Susan,Golden,us
Owen,Witte,us
Albert,Crewe,us
Gerald,Schubert,us
Takashi,Sugimura,us
Shirley,Jeffrey,us
Jay,Dunlap,us
Susan,Taylor,us
Herman,Eisen,us
William,Labov,us
Frank,Brink,us
Bryan,Harrison,us
Guyford,Stever,us
Steven,Boxer,us
Wolfhard,Almers,us
Jeremy,Knowles,us
Shiv,Grewal,us
Lynn,Sykes,us
William,Chameides,us
James,Watson,us
Randy,Schekman,us
Edward,Goldberg,us
Butler,Lampson,us
Jon,Rood,us
Clara,Franzini-Armstrong,us
Susan,Gottesman,us
John,Joannopoulos,us
Daniel,Cosgrove,us
Ronald,Woodman,us
Alejandro,Portes,us
Barbara,Jacak,us
Stephen,Young,us
Philip,Leder,us
Charles,Sawyers,us
Michael,Elliott,us
Allan,Spradling,us
Adam,Burrows,us
Donald,Ganem,us
Dan,Littman,us
Arthur,Lachenbruch,us
Lila,Gleitman,us
Nancy,Kopell,us
Kai,Simons,us
May,Berenbaum,us
Cynthia,Dwork,us
David,Walker,us
Gary,Horowitz,us
Richard,Dickerson,us
James,Etten,us
Robert,Perry,us
Arthur,Horwich,us
George,Hess,us
Gretchen,Daily,us
Elwood,Jensen,us
Charles,Alcock,us
Serge,Haroche,us
Russ,Bernard,us
Robert,Wilson,us
Stanley,Fields,us
Karen,Cook,us
David,Kreps,us
Alexandra,Navrotsky,us
Joachim,Frank,us
Martin,Bukovac,us
Ranulfo,Romo,us
Sérgio,Ferreira,us
James,Eisenstein,us
David,Evans,us
Steven,Stanley,us
Claude,Steele,us
Joshua,Sanes,us
Janet,Franklin,us
Margaret,Buckingham,us
Pablo,Debenedetti,us
Emmanuel,Mignot,us
Daniel,Kleppner,us
Walter,Fitch,us
Frances,Allen,us
George,Seidel,us
Douglas,Coombs,us
Robert,Griffiths,us
John,Cairns,us
Frederick,Alt,us
Jane,Guyer,us
Gordon,Bell,us
Manuel,Peimbert,us
Ravinder,Maini,us
Elliot,Meyerowitz,us
Charles,Casey,us
Joel,Lebowitz,us
Claire,Max,us
John,Rowell,us
Romuald,Schild,us
Catherine,Fowler,us
Calvin,Quate,us
Richard,Axel,us
Anatol,Roshko,us
Marc,Tessier-Lavigne,us
Johan,Olsen,us
Sen-itiroh,Hakomori,us
June,Nasrallah,us
Barbara,Imperiali,us
David,Page,us
Frederick,Bormann,us
Gordon,Sato,us
Susan,Solomon,us
Sheldon,Penman,us
George,Papanicolaou,us
Johannes,Geiss,us
Elke,Weber,us
David,Meyer,us
Brian,Druker,us
Ruslan,Medzhitov,us
William,Dietrich,us
Howard,Berg,us
William,Sly,us
Philip,Hieter,us
David,Stevenson,us
Carl,Ballhausen,us
Tony,Hunter,us
Thomas,Schelling,us
John,Glomset,us
Jerry,Melillo,us
James,Black,us
Oscar,Ratnoff,us
Thomas,Ahrens,us
Robert,Schrieffer,us
Floyd,Bloom,us
Henry,Lardy,us
Ruth,DeFries,us
Mu-ming,Poo,us
Stuart,Orkin,us
Jiazhen,Tan,us
JoAnne,Stubbe,us
Malvin,Ruderman,us
Richard,Witter,us
Marcus,Raichle,us
Alan,Hoffman,us
Henry,Wright,us
Ho-kwang,Mao,us
Phil,Baran,us
Allan,MacDonald,us
Richard,Shiffrin,us
Richard,Schrock,us
Rudolf,Trümpy,us
Anthony,Wallace,us
Michael,Bishop,us
Seymour,Klebanoff,us
Peter,Wolynes,us
Jacob,Ziv,us
James,Allen,us
Judith,Cohen,us
Werner,Arber,us
Ping,Tien,us
Charles,Gross,us
Charles,Radding,us
Ronald,Phillips,us
Charles,Richardson,us
Wing,Wong,us
Francis,Dahlen,us
Melanie,Cobb,us
Stephen,Fienberg,us
Robert,Kraichnan,us
Peter,Rentzepis,us
Robert,Baldwin,us
Jon,Kaas,us
Jack,Sandweiss,us
Paul,Hoffman,us
Richard,Havel,us
Richard,Held,us
John,Dewey,us
John,Cahn,us
Ellen,Mosley-Thompson,us
Gordon,Orians,us
Susan,McConnell,us
Alexander,Rudensky,us
Granger,Morgan,us
Douglas,Lilly,us
Aron,Moscona,us
Alan,Cottrell,us
Aaron,Lerner,us
E-An,Zen,us
Stanley,Gartler,us
Russell,Doolittle,us
Stephen,Mayo,us
Rodolfo,Llinás,us
Paul,Kay,us
Brian,Matthews,us
Bruce,Draine,us
Edward,David,us
George,Church,us
Robert,Shulman,us
Robert,Solow,us
Richard,Taylor,us
Douglas,Rees,us
Andrea,Ghez,us
Geoffrey,Heal,us
Max,Birnstiel,us
Craig,Thompson,us
Shinya,Inoue,us
Ellis,Cowling,us
Jerry,Gollub,us
Erkki,Ruoslahti,us
Marye,Fox,us
Omar,Yaghi,us
Hee-Sup,Shin,us
Christopher,Sims,us
Steven,Block,us
Marvin,Minsky,us
Sandra,Faber,us
Luna,Leopold,us
George,Parshall,us
George,Thompson,us
Ray,Weymann,us
William,Dove,us
Herman,Chernoff,us
Myron,Brakke,us
Sue,Biggins,us
Clark,Cockerham,us
Erick,Carreira,us
Michael,Rosbash,us
Glauco,Tocchini-Valentini,us
Martin,Gruebele,us
Eldon,Newcomb,us
Robert,Kates,us
Steven,Henikoff,us
Edwin,Roedder,us
Larry,Overman,us
Robert,Dynes,us
Edmond,Malinvaud,us
Marcetta,Darensbourg,us
Lawrence,Rabiner,us
James,Cleaver,us
Ross,Macdonald,us
Elizabeth,Neufeld,us
William,Daughaday,us
Peter,Strick,us
Janet,Hemingway,us
Yuan-Cheng,Fung,us
Jean,Dausset,us
David,Forney,us
Gerhard,Ertl,us
Peter,Wyllie,us
Silvio,Micali,us
Elizabeth,Craig,us
Susan,Kieffer,us
Jake,MacMillan,us
Marshall,Sahlins,us
Cyril,Harris,us
Francisco,Ayala,us